[{"model": "admin.logentry", "pk": 1, "fields": {"action_time": "2021-04-07T09:56:57.180Z", "user": 1, "content_type": 7, "object_id": "1", "object_repr": "Category object (1)", "action_flag": 1, "change_message": "[{\"added\": {}}]"}}, {"model": "admin.logentry", "pk": 2, "fields": {"action_time": "2021-04-07T14:04:12.912Z", "user": 1, "content_type": 7, "object_id": "2", "object_repr": "Закуски: 2", "action_flag": 1, "change_message": "[{\"added\": {}}]"}}, {"model": "admin.logentry", "pk": 3, "fields": {"action_time": "2021-04-07T14:05:29.632Z", "user": 1, "content_type": 7, "object_id": "3", "object_repr": "Гарниры: 3", "action_flag": 1, "change_message": "[{\"added\": {}}]"}}, {"model": "admin.logentry", "pk": 4, "fields": {"action_time": "2021-04-07T14:06:05.612Z", "user": 1, "content_type": 7, "object_id": "4", "object_repr": "Основные блюда: 4", "action_flag": 1, "change_message": "[{\"added\": {}}]"}}, {"model": "admin.logentry", "pk": 5, "fields": {"action_time": "2021-04-07T14:08:18.760Z", "user": 1, "content_type": 8, "object_id": "1", "object_repr": "Панакотта: 35.00", "action_flag": 1, "change_message": "[{\"added\": {}}]"}}, {"model": "admin.logentry", "pk": 6, "fields": {"action_time": "2021-04-07T14:09:27.897Z", "user": 1, "content_type": 8, "object_id": "2", "object_repr": "Фондан: 45", "action_flag": 1, "change_message": "[{\"added\": {}}]"}}, {"model": "admin.logentry", "pk": 7, "fields": {"action_time": "2021-04-07T14:10:58.888Z", "user": 1, "content_type": 8, "object_id": "3", "object_repr": "Блины с яблоком: 20", "action_flag": 1, "change_message": "[{\"added\": {}}]"}}, {"model": "admin.logentry", "pk": 8, "fields": {"action_time": "2021-04-07T14:12:21.596Z", "user": 1, "content_type": 8, "object_id": "4", "object_repr": "Сыр косичка: 15", "action_flag": 1, "change_message": "[{\"added\": {}}]"}}, {"model": "admin.logentry", "pk": 9, "fields": {"action_time": "2021-04-07T14:13:32.823Z", "user": 1, "content_type": 8, "object_id": "5", "object_repr": "Махан: 20", "action_flag": 1, "change_message": "[{\"added\": {}}]"}}, {"model": "admin.logentry", "pk": 10, "fields": {"action_time": "2021-04-07T14:14:45.250Z", "user": 1, "content_type": 8, "object_id": "6", "object_repr": "Сырные палочки: 25", "action_flag": 1, "change_message": "[{\"added\": {}}]"}}, {"model": "admin.logentry", "pk": 11, "fields": {"action_time": "2021-04-07T14:15:37.854Z", "user": 1, "content_type": 8, "object_id": "7", "object_repr": "Капуста: 13", "action_flag": 1, "change_message": "[{\"added\": {}}]"}}, {"model": "admin.logentry", "pk": 12, "fields": {"action_time": "2021-04-07T14:16:37.159Z", "user": 1, "content_type": 8, "object_id": "8", "object_repr": "Картофельное пюре: 20", "action_flag": 1, "change_message": "[{\"added\": {}}]"}}, {"model": "admin.logentry", "pk": 13, "fields": {"action_time": "2021-04-07T14:17:57.670Z", "user": 1, "content_type": 8, "object_id": "9", "object_repr": "Рис с овощами: 22", "action_flag": 1, "change_message": "[{\"added\": {}}]"}}, {"model": "admin.logentry", "pk": 14, "fields": {"action_time": "2021-04-07T14:19:07.530Z", "user": 1, "content_type": 8, "object_id": "10", "object_repr": "Курочка по домашнему: 40", "action_flag": 1, "change_message": "[{\"added\": {}}]"}}, {"model": "admin.logentry", "pk": 15, "fields": {"action_time": "2021-04-07T14:19:18.276Z", "user": 1, "content_type": 8, "object_id": "3", "object_repr": "Блины с яблоком: 20.00", "action_flag": 2, "change_message": "[{\"changed\": {\"fields\": [\"Dish order\"]}}]"}}, {"model": "admin.logentry", "pk": 16, "fields": {"action_time": "2021-04-07T14:19:37.875Z", "user": 1, "content_type": 8, "object_id": "9", "object_repr": "Рис с овощами: 22.00", "action_flag": 2, "change_message": "[{\"changed\": {\"fields\": [\"Dish order\"]}}]"}}, {"model": "admin.logentry", "pk": 17, "fields": {"action_time": "2021-04-07T14:20:26.563Z", "user": 1, "content_type": 8, "object_id": "11", "object_repr": "Утка по пекински: 35", "action_flag": 1, "change_message": "[{\"added\": {}}]"}}, {"model": "admin.logentry", "pk": 18, "fields": {"action_time": "2021-04-07T14:21:50.763Z", "user": 1, "content_type": 8, "object_id": "12", "object_repr": "Салат из лосося: 32", "action_flag": 1, "change_message": "[{\"added\": {}}]"}}, {"model": "admin.logentry", "pk": 19, "fields": {"action_time": "2021-04-07T14:48:18.749Z", "user": 1, "content_type": 8, "object_id": "6", "object_repr": "Сырные палочки: 25.00", "action_flag": 2, "change_message": "[{\"changed\": {\"fields\": [\"Photo\"]}}]"}}, {"model": "admin.logentry", "pk": 20, "fields": {"action_time": "2021-04-07T14:49:15.688Z", "user": 1, "content_type": 8, "object_id": "4", "object_repr": "Сыр косичка: 15.00", "action_flag": 2, "change_message": "[{\"changed\": {\"fields\": [\"Photo\"]}}]"}}, {"model": "admin.logentry", "pk": 21, "fields": {"action_time": "2021-04-07T23:10:04.020Z", "user": 1, "content_type": 8, "object_id": "12", "object_repr": "Салат из лосося: 32.00", "action_flag": 2, "change_message": "[{\"changed\": {\"fields\": [\"Is visible\"]}}]"}}, {"model": "admin.logentry", "pk": 22, "fields": {"action_time": "2021-04-07T23:10:14.746Z", "user": 1, "content_type": 8, "object_id": "8", "object_repr": "Картофельное пюре: 20.00", "action_flag": 2, "change_message": "[{\"changed\": {\"fields\": [\"Is visible\"]}}]"}}, {"model": "admin.logentry", "pk": 23, "fields": {"action_time": "2021-04-07T23:10:32.447Z", "user": 1, "content_type": 8, "object_id": "3", "object_repr": "Блины с яблоком: 20.00", "action_flag": 2, "change_message": "[{\"changed\": {\"fields\": [\"Is visible\"]}}]"}}, {"model": "admin.logentry", "pk": 24, "fields": {"action_time": "2021-04-07T23:10:46.412Z", "user": 1, "content_type": 8, "object_id": "3", "object_repr": "Блины с яблоком: 20.00", "action_flag": 2, "change_message": "[{\"changed\": {\"fields\": [\"Is visible\"]}}]"}}, {"model": "admin.logentry", "pk": 25, "fields": {"action_time": "2021-04-07T23:11:01.654Z", "user": 1, "content_type": 8, "object_id": "6", "object_repr": "Сырные палочки: 25.00", "action_flag": 2, "change_message": "[{\"changed\": {\"fields\": [\"Is visible\"]}}]"}}, {"model": "admin.logentry", "pk": 26, "fields": {"action_time": "2021-04-07T23:11:22.744Z", "user": 1, "content_type": 8, "object_id": "6", "object_repr": "Сырные палочки: 25.00", "action_flag": 2, "change_message": "[{\"changed\": {\"fields\": [\"Is visible\"]}}]"}}, {"model": "admin.logentry", "pk": 27, "fields": {"action_time": "2021-04-07T23:11:32.854Z", "user": 1, "content_type": 8, "object_id": "3", "object_repr": "Блины с яблоком: 20.00", "action_flag": 2, "change_message": "[{\"changed\": {\"fields\": [\"Desc\"]}}]"}}, {"model": "admin.logentry", "pk": 28, "fields": {"action_time": "2021-04-07T23:11:41.825Z", "user": 1, "content_type": 8, "object_id": "12", "object_repr": "Салат из лосося: 32.00", "action_flag": 2, "change_message": "[{\"changed\": {\"fields\": [\"Is visible\"]}}]"}}, {"model": "admin.logentry", "pk": 29, "fields": {"action_time": "2021-04-07T23:11:51.018Z", "user": 1, "content_type": 8, "object_id": "8", "object_repr": "Картофельное пюре: 20.00", "action_flag": 2, "change_message": "[{\"changed\": {\"fields\": [\"Is visible\"]}}]"}}, {"model": "admin.logentry", "pk": 30, "fields": {"action_time": "2021-04-08T07:59:23.052Z", "user": 1, "content_type": 7, "object_id": "5", "object_repr": "Меню от шефа: 5", "action_flag": 1, "change_message": "[{\"added\": {}}]"}}, {"model": "admin.logentry", "pk": 31, "fields": {"action_time": "2021-04-08T08:01:12.759Z", "user": 1, "content_type": 8, "object_id": "13", "object_repr": "Рататуй: 50", "action_flag": 1, "change_message": "[{\"added\": {}}]"}}, {"model": "admin.logentry", "pk": 32, "fields": {"action_time": "2021-04-08T08:02:49.541Z", "user": 1, "content_type": 8, "object_id": "14", "object_repr": "Рыба фугу: 70", "action_flag": 1, "change_message": "[{\"added\": {}}]"}}, {"model": "admin.logentry", "pk": 33, "fields": {"action_time": "2021-04-08T08:04:50.504Z", "user": 1, "content_type": 8, "object_id": "15", "object_repr": "Лобстер: 120", "action_flag": 1, "change_message": "[{\"added\": {}}]"}}, {"model": "admin.logentry", "pk": 34, "fields": {"action_time": "2021-04-08T09:10:10.090Z", "user": 1, "content_type": 8, "object_id": "16", "object_repr": "Гречка: 10", "action_flag": 1, "change_message": "[{\"added\": {}}]"}}, {"model": "admin.logentry", "pk": 35, "fields": {"action_time": "2021-04-08T09:10:42.596Z", "user": 1, "content_type": 8, "object_id": "16", "object_repr": "Гречка: 10.00", "action_flag": 3, "change_message": ""}}, {"model": "admin.logentry", "pk": 36, "fields": {"action_time": "2021-04-08T09:11:59.173Z", "user": 1, "content_type": 8, "object_id": "17", "object_repr": "Гречка: 10", "action_flag": 1, "change_message": "[{\"added\": {}}]"}}, {"model": "admin.logentry", "pk": 37, "fields": {"action_time": "2021-04-08T12:31:41.188Z", "user": 1, "content_type": 8, "object_id": "17", "object_repr": "Гречка: 10.00", "action_flag": 3, "change_message": ""}}, {"model": "admin.logentry", "pk": 38, "fields": {"action_time": "2021-04-08T12:32:29.308Z", "user": 1, "content_type": 8, "object_id": "18", "object_repr": "Гречка: 10", "action_flag": 1, "change_message": "[{\"added\": {}}]"}}, {"model": "admin.logentry", "pk": 39, "fields": {"action_time": "2021-04-08T12:32:54.362Z", "user": 1, "content_type": 8, "object_id": "18", "object_repr": "Гречка: 10.00", "action_flag": 2, "change_message": "[{\"changed\": {\"fields\": [\"Category\"]}}]"}}, {"model": "admin.logentry", "pk": 40, "fields": {"action_time": "2021-04-08T12:33:19.337Z", "user": 1, "content_type": 8, "object_id": "18", "object_repr": "Гречка: 10.00", "action_flag": 3, "change_message": ""}}, {"model": "admin.logentry", "pk": 41, "fields": {"action_time": "2021-04-11T12:01:55.564Z", "user": 1, "content_type": 7, "object_id": "4", "object_repr": "Основные блюда: 4", "action_flag": 2, "change_message": "[{\"changed\": {\"fields\": [\"Is visible\"]}}]"}}, {"model": "admin.logentry", "pk": 42, "fields": {"action_time": "2021-04-11T12:01:59.360Z", "user": 1, "content_type": 7, "object_id": "3", "object_repr": "Гарниры: 3", "action_flag": 2, "change_message": "[{\"changed\": {\"fields\": [\"Is visible\"]}}]"}}, {"model": "admin.logentry", "pk": 43, "fields": {"action_time": "2021-04-11T12:02:01.849Z", "user": 1, "content_type": 7, "object_id": "2", "object_repr": "Закуски: 2", "action_flag": 2, "change_message": "[{\"changed\": {\"fields\": [\"Is visible\"]}}]"}}, {"model": "admin.logentry", "pk": 44, "fields": {"action_time": "2021-04-11T12:02:04.408Z", "user": 1, "content_type": 7, "object_id": "1", "object_repr": "Десерты: 1", "action_flag": 2, "change_message": "[{\"changed\": {\"fields\": [\"Is visible\"]}}]"}}, {"model": "admin.logentry", "pk": 45, "fields": {"action_time": "2021-04-11T12:03:02.299Z", "user": 1, "content_type": 7, "object_id": "1", "object_repr": "Десерты: 1", "action_flag": 2, "change_message": "[{\"changed\": {\"fields\": [\"Is visible\"]}}]"}}, {"model": "admin.logentry", "pk": 46, "fields": {"action_time": "2021-04-11T12:03:04.930Z", "user": 1, "content_type": 7, "object_id": "2", "object_repr": "Закуски: 2", "action_flag": 2, "change_message": "[{\"changed\": {\"fields\": [\"Is visible\"]}}]"}}, {"model": "admin.logentry", "pk": 47, "fields": {"action_time": "2021-04-11T12:03:07.744Z", "user": 1, "content_type": 7, "object_id": "3", "object_repr": "Гарниры: 3", "action_flag": 2, "change_message": "[{\"changed\": {\"fields\": [\"Is visible\"]}}]"}}, {"model": "admin.logentry", "pk": 48, "fields": {"action_time": "2021-04-11T12:03:10.532Z", "user": 1, "content_type": 7, "object_id": "4", "object_repr": "Основные блюда: 4", "action_flag": 2, "change_message": "[{\"changed\": {\"fields\": [\"Is visible\"]}}]"}}, {"model": "admin.logentry", "pk": 49, "fields": {"action_time": "2021-04-11T12:37:59.633Z", "user": 1, "content_type": 11, "object_id": "1", "object_repr": "Team object (1)", "action_flag": 1, "change_message": "[{\"added\": {}}]"}}, {"model": "admin.logentry", "pk": 50, "fields": {"action_time": "2021-04-11T12:40:06.401Z", "user": 1, "content_type": 12, "object_id": "1", "object_repr": "+380123456789", "action_flag": 1, "change_message": "[{\"added\": {}}]"}}, {"model": "admin.logentry", "pk": 51, "fields": {"action_time": "2021-04-11T12:40:15.015Z", "user": 1, "content_type": 12, "object_id": "2", "object_repr": "+380987654321", "action_flag": 1, "change_message": "[{\"added\": {}}]"}}, {"model": "admin.logentry", "pk": 52, "fields": {"action_time": "2021-04-11T12:41:09.820Z", "user": 1, "content_type": 9, "object_id": "1", "object_repr": "Info object (1)", "action_flag": 1, "change_message": "[{\"added\": {}}]"}}, {"model": "admin.logentry", "pk": 53, "fields": {"action_time": "2021-04-11T12:41:29.671Z", "user": 1, "content_type": 14, "object_id": "1", "object_repr": "Киев; Хрещатик; 13", "action_flag": 1, "change_message": "[{\"added\": {}}]"}}, {"model": "admin.logentry", "pk": 54, "fields": {"action_time": "2021-04-11T12:41:36.038Z", "user": 1, "content_type": 14, "object_id": "2", "object_repr": "Киев; Чорновола; 23", "action_flag": 1, "change_message": "[{\"added\": {}}]"}}, {"model": "admin.logentry", "pk": 55, "fields": {"action_time": "2021-04-11T12:42:01.372Z", "user": 1, "content_type": 13, "object_id": "1", "object_repr": "Пн-Пт - 8.00-22.00", "action_flag": 1, "change_message": "[{\"added\": {}}]"}}, {"model": "admin.logentry", "pk": 56, "fields": {"action_time": "2021-04-11T12:42:08.179Z", "user": 1, "content_type": 13, "object_id": "2", "object_repr": "Выходные - 10.00-22.00", "action_flag": 1, "change_message": "[{\"added\": {}}]"}}, {"model": "admin.logentry", "pk": 57, "fields": {"action_time": "2021-04-11T12:42:46.223Z", "user": 1, "content_type": 15, "object_id": "1", "object_repr": "CafeInfo object (1)", "action_flag": 1, "change_message": "[{\"added\": {}}]"}}, {"model": "admin.logentry", "pk": 58, "fields": {"action_time": "2021-04-11T12:42:54.454Z", "user": 1, "content_type": 15, "object_id": "2", "object_repr": "CafeInfo object (2)", "action_flag": 1, "change_message": "[{\"added\": {}}]"}}, {"model": "admin.logentry", "pk": 59, "fields": {"action_time": "2021-04-11T12:44:54.041Z", "user": 1, "content_type": 13, "object_id": "2", "object_repr": "Пн-Сб - 10.00-22.00", "action_flag": 2, "change_message": "[{\"changed\": {\"fields\": [\"Day\"]}}]"}}, {"model": "admin.logentry", "pk": 60, "fields": {"action_time": "2021-04-11T12:45:10.324Z", "user": 1, "content_type": 13, "object_id": "1", "object_repr": "Пн-Вс - 8.00-22.00", "action_flag": 2, "change_message": "[{\"changed\": {\"fields\": [\"Day\"]}}]"}}, {"model": "admin.logentry", "pk": 61, "fields": {"action_time": "2021-04-15T11:20:42.286Z", "user": 1, "content_type": 10, "object_id": "2", "object_repr": "Мартин : mrmartin200113@gmail.com : Я люблю Настю Я любл", "action_flag": 2, "change_message": "[{\"changed\": {\"fields\": [\"Is processed\"]}}]"}}, {"model": "admin.logentry", "pk": 62, "fields": {"action_time": "2021-04-15T11:20:49.706Z", "user": 1, "content_type": 10, "object_id": "2", "object_repr": "Мартин : mrmartin200113@gmail.com : Я люблю Настю Я любл", "action_flag": 2, "change_message": "[{\"changed\": {\"fields\": [\"Is processed\"]}}]"}}, {"model": "admin.logentry", "pk": 63, "fields": {"action_time": "2021-04-15T11:25:10.093Z", "user": 1, "content_type": 10, "object_id": "2", "object_repr": "Мартин : mrmartin200113@gmail.com : Я люблю Настю Я любл", "action_flag": 2, "change_message": "[{\"changed\": {\"fields\": [\"Is processed\"]}}]"}}, {"model": "admin.logentry", "pk": 64, "fields": {"action_time": "2021-04-15T11:25:17.309Z", "user": 1, "content_type": 10, "object_id": "2", "object_repr": "Мартин : mrmartin200113@gmail.com : Я люблю Настю Я любл", "action_flag": 2, "change_message": "[{\"changed\": {\"fields\": [\"Is processed\"]}}]"}}, {"model": "admin.logentry", "pk": 65, "fields": {"action_time": "2021-04-15T11:25:19.425Z", "user": 1, "content_type": 10, "object_id": "2", "object_repr": "Мартин : mrmartin200113@gmail.com : Я люблю Настю Я любл", "action_flag": 2, "change_message": "[]"}}, {"model": "admin.logentry", "pk": 66, "fields": {"action_time": "2021-04-15T11:25:21.761Z", "user": 1, "content_type": 10, "object_id": "2", "object_repr": "Мартин : mrmartin200113@gmail.com : Я люблю Настю Я любл", "action_flag": 2, "change_message": "[]"}}, {"model": "admin.logentry", "pk": 67, "fields": {"action_time": "2021-04-15T11:25:28.591Z", "user": 1, "content_type": 10, "object_id": "2", "object_repr": "Мартин : mrmartin200113@gmail.com : Я люблю Настю Я любл", "action_flag": 2, "change_message": "[]"}}, {"model": "admin.logentry", "pk": 68, "fields": {"action_time": "2021-04-15T11:27:16.918Z", "user": 1, "content_type": 10, "object_id": "2", "object_repr": "Мартин : mrmartin200113@gmail.com : Я люблю Настю Я любл", "action_flag": 2, "change_message": "[{\"changed\": {\"fields\": [\"Is processed\"]}}]"}}, {"model": "admin.logentry", "pk": 69, "fields": {"action_time": "2021-04-15T11:31:45.966Z", "user": 1, "content_type": 10, "object_id": "3", "object_repr": "Мартин : mrmartin200113@gmail.com : Привет, как дела Бри", "action_flag": 2, "change_message": "[{\"changed\": {\"fields\": [\"Is processed\"]}}]"}}, {"model": "admin.logentry", "pk": 70, "fields": {"action_time": "2021-04-15T11:31:48.682Z", "user": 1, "content_type": 10, "object_id": "2", "object_repr": "Мартин : mrmartin200113@gmail.com : Я люблю Настю Я любл", "action_flag": 2, "change_message": "[{\"changed\": {\"fields\": [\"Is processed\"]}}]"}}, {"model": "admin.logentry", "pk": 71, "fields": {"action_time": "2021-04-15T11:31:51.070Z", "user": 1, "content_type": 10, "object_id": "1", "object_repr": "Мартин : mrmartin200113@gmail.com : ddssdffdsfdsfdsfdsfd", "action_flag": 2, "change_message": "[{\"changed\": {\"fields\": [\"Is processed\"]}}]"}}, {"model": "admin.logentry", "pk": 72, "fields": {"action_time": "2021-04-15T11:33:35.884Z", "user": 1, "content_type": 10, "object_id": "2", "object_repr": "Мартин : mrmartin200113@gmail.com : Я люблю Настю Я любл", "action_flag": 2, "change_message": "[{\"changed\": {\"fields\": [\"Is processed\"]}}]"}}, {"model": "admin.logentry", "pk": 73, "fields": {"action_time": "2021-04-15T11:33:42.163Z", "user": 1, "content_type": 10, "object_id": "3", "object_repr": "Мартин : mrmartin200113@gmail.com : Привет, как дела Бри", "action_flag": 2, "change_message": "[{\"changed\": {\"fields\": [\"Is processed\"]}}]"}}, {"model": "admin.logentry", "pk": 74, "fields": {"action_time": "2021-04-15T11:33:48.981Z", "user": 1, "content_type": 10, "object_id": "2", "object_repr": "Мартин : mrmartin200113@gmail.com : Я люблю Настю Я любл", "action_flag": 2, "change_message": "[{\"changed\": {\"fields\": [\"Is processed\"]}}]"}}, {"model": "admin.logentry", "pk": 75, "fields": {"action_time": "2021-04-15T11:34:07.945Z", "user": 1, "content_type": 10, "object_id": "3", "object_repr": "Мартин : mrmartin200113@gmail.com : Привет, как дела Бри", "action_flag": 3, "change_message": ""}}, {"model": "admin.logentry", "pk": 76, "fields": {"action_time": "2021-04-15T11:34:08.101Z", "user": 1, "content_type": 10, "object_id": "2", "object_repr": "Мартин : mrmartin200113@gmail.com : Я люблю Настю Я любл", "action_flag": 3, "change_message": ""}}, {"model": "admin.logentry", "pk": 77, "fields": {"action_time": "2021-04-15T11:34:08.413Z", "user": 1, "content_type": 10, "object_id": "1", "object_repr": "Мартин : mrmartin200113@gmail.com : ddssdffdsfdsfdsfdsfd", "action_flag": 3, "change_message": ""}}, {"model": "admin.logentry", "pk": 78, "fields": {"action_time": "2021-04-15T11:40:11.112Z", "user": 1, "content_type": 10, "object_id": "4", "object_repr": "Мартин : mrmartin200113@gmail.com : 11111111111111111111", "action_flag": 2, "change_message": "[{\"changed\": {\"fields\": [\"Is processed\"]}}]"}}, {"model": "admin.logentry", "pk": 79, "fields": {"action_time": "2021-04-15T11:40:13.563Z", "user": 1, "content_type": 10, "object_id": "5", "object_repr": "Мартин : mrmartin200113@gmail.com : 22222222222222222222", "action_flag": 2, "change_message": "[{\"changed\": {\"fields\": [\"Is processed\"]}}]"}}, {"model": "admin.logentry", "pk": 80, "fields": {"action_time": "2021-04-15T11:40:16.163Z", "user": 1, "content_type": 10, "object_id": "6", "object_repr": "Мартин : mrmartin200113@gmail.com : 33333333333333333333", "action_flag": 2, "change_message": "[{\"changed\": {\"fields\": [\"Is processed\"]}}]"}}, {"model": "admin.logentry", "pk": 81, "fields": {"action_time": "2021-04-15T11:40:18.619Z", "user": 1, "content_type": 10, "object_id": "7", "object_repr": "Мартин : mrmartin200113@gmail.com : Я люблю Настю Я любл", "action_flag": 2, "change_message": "[{\"changed\": {\"fields\": [\"Is processed\"]}}]"}}, {"model": "admin.logentry", "pk": 82, "fields": {"action_time": "2021-04-15T11:40:50.759Z", "user": 1, "content_type": 10, "object_id": "6", "object_repr": "Мартин : mrmartin200113@gmail.com : 33333333333333333333", "action_flag": 2, "change_message": "[{\"changed\": {\"fields\": [\"User message\"]}}]"}}, {"model": "admin.logentry", "pk": 83, "fields": {"action_time": "2021-04-15T11:41:21.711Z", "user": 1, "content_type": 10, "object_id": "6", "object_repr": "Мартин : mrmartin200113@gmail.com : 33333333333333333333", "action_flag": 3, "change_message": ""}}, {"model": "admin.logentry", "pk": 84, "fields": {"action_time": "2021-04-15T11:41:21.976Z", "user": 1, "content_type": 10, "object_id": "5", "object_repr": "Мартин : mrmartin200113@gmail.com : 22222222222222222222", "action_flag": 3, "change_message": ""}}, {"model": "admin.logentry", "pk": 85, "fields": {"action_time": "2021-04-15T11:41:22.342Z", "user": 1, "content_type": 10, "object_id": "4", "object_repr": "Мартин : mrmartin200113@gmail.com : 11111111111111111111", "action_flag": 3, "change_message": ""}}, {"model": "admin.logentry", "pk": 86, "fields": {"action_time": "2021-04-15T22:36:54.324Z", "user": 1, "content_type": 8, "object_id": "15", "object_repr": "Лобстер: 120.00", "action_flag": 2, "change_message": "[{\"changed\": {\"fields\": [\"Category\"]}}]"}}, {"model": "admin.logentry", "pk": 87, "fields": {"action_time": "2021-04-15T22:37:08.395Z", "user": 1, "content_type": 8, "object_id": "15", "object_repr": "Лобстер: 120.00", "action_flag": 2, "change_message": "[{\"changed\": {\"fields\": [\"Category\"]}}]"}}, {"model": "admin.logentry", "pk": 88, "fields": {"action_time": "2021-04-21T13:46:19.702Z", "user": 1, "content_type": 3, "object_id": "1", "object_repr": "manager", "action_flag": 1, "change_message": "[{\"added\": {}}]"}}, {"model": "admin.logentry", "pk": 89, "fields": {"action_time": "2021-04-21T13:50:22.225Z", "user": 1, "content_type": 4, "object_id": "2", "object_repr": "Martin", "action_flag": 2, "change_message": "[{\"changed\": {\"fields\": [\"Groups\"]}}]"}}, {"model": "admin.logentry", "pk": 90, "fields": {"action_time": "2021-04-21T22:47:46.575Z", "user": 1, "content_type": 4, "object_id": "4", "object_repr": "Martin3", "action_flag": 3, "change_message": ""}}, {"model": "admin.logentry", "pk": 91, "fields": {"action_time": "2021-04-21T22:47:46.696Z", "user": 1, "content_type": 4, "object_id": "5", "object_repr": "Martin4", "action_flag": 3, "change_message": ""}}, {"model": "admin.logentry", "pk": 92, "fields": {"action_time": "2021-04-21T22:47:51.963Z", "user": 1, "content_type": 4, "object_id": "3", "object_repr": "Martin2", "action_flag": 3, "change_message": ""}}, {"model": "auth.permission", "pk": 1, "fields": {"name": "Can add log entry", "content_type": 1, "codename": "add_logentry"}}, {"model": "auth.permission", "pk": 2, "fields": {"name": "Can change log entry", "content_type": 1, "codename": "change_logentry"}}, {"model": "auth.permission", "pk": 3, "fields": {"name": "Can delete log entry", "content_type": 1, "codename": "delete_logentry"}}, {"model": "auth.permission", "pk": 4, "fields": {"name": "Can view log entry", "content_type": 1, "codename": "view_logentry"}}, {"model": "auth.permission", "pk": 5, "fields": {"name": "Can add permission", "content_type": 2, "codename": "add_permission"}}, {"model": "auth.permission", "pk": 6, "fields": {"name": "Can change permission", "content_type": 2, "codename": "change_permission"}}, {"model": "auth.permission", "pk": 7, "fields": {"name": "Can delete permission", "content_type": 2, "codename": "delete_permission"}}, {"model": "auth.permission", "pk": 8, "fields": {"name": "Can view permission", "content_type": 2, "codename": "view_permission"}}, {"model": "auth.permission", "pk": 9, "fields": {"name": "Can add group", "content_type": 3, "codename": "add_group"}}, {"model": "auth.permission", "pk": 10, "fields": {"name": "Can change group", "content_type": 3, "codename": "change_group"}}, {"model": "auth.permission", "pk": 11, "fields": {"name": "Can delete group", "content_type": 3, "codename": "delete_group"}}, {"model": "auth.permission", "pk": 12, "fields": {"name": "Can view group", "content_type": 3, "codename": "view_group"}}, {"model": "auth.permission", "pk": 13, "fields": {"name": "Can add user", "content_type": 4, "codename": "add_user"}}, {"model": "auth.permission", "pk": 14, "fields": {"name": "Can change user", "content_type": 4, "codename": "change_user"}}, {"model": "auth.permission", "pk": 15, "fields": {"name": "Can delete user", "content_type": 4, "codename": "delete_user"}}, {"model": "auth.permission", "pk": 16, "fields": {"name": "Can view user", "content_type": 4, "codename": "view_user"}}, {"model": "auth.permission", "pk": 17, "fields": {"name": "Can add content type", "content_type": 5, "codename": "add_contenttype"}}, {"model": "auth.permission", "pk": 18, "fields": {"name": "Can change content type", "content_type": 5, "codename": "change_contenttype"}}, {"model": "auth.permission", "pk": 19, "fields": {"name": "Can delete content type", "content_type": 5, "codename": "delete_contenttype"}}, {"model": "auth.permission", "pk": 20, "fields": {"name": "Can view content type", "content_type": 5, "codename": "view_contenttype"}}, {"model": "auth.permission", "pk": 21, "fields": {"name": "Can add session", "content_type": 6, "codename": "add_session"}}, {"model": "auth.permission", "pk": 22, "fields": {"name": "Can change session", "content_type": 6, "codename": "change_session"}}, {"model": "auth.permission", "pk": 23, "fields": {"name": "Can delete session", "content_type": 6, "codename": "delete_session"}}, {"model": "auth.permission", "pk": 24, "fields": {"name": "Can view session", "content_type": 6, "codename": "view_session"}}, {"model": "auth.permission", "pk": 25, "fields": {"name": "Can add category", "content_type": 7, "codename": "add_category"}}, {"model": "auth.permission", "pk": 26, "fields": {"name": "Can change category", "content_type": 7, "codename": "change_category"}}, {"model": "auth.permission", "pk": 27, "fields": {"name": "Can delete category", "content_type": 7, "codename": "delete_category"}}, {"model": "auth.permission", "pk": 28, "fields": {"name": "Can view category", "content_type": 7, "codename": "view_category"}}, {"model": "auth.permission", "pk": 29, "fields": {"name": "Can add dish", "content_type": 8, "codename": "add_dish"}}, {"model": "auth.permission", "pk": 30, "fields": {"name": "Can change dish", "content_type": 8, "codename": "change_dish"}}, {"model": "auth.permission", "pk": 31, "fields": {"name": "Can delete dish", "content_type": 8, "codename": "delete_dish"}}, {"model": "auth.permission", "pk": 32, "fields": {"name": "Can view dish", "content_type": 8, "codename": "view_dish"}}, {"model": "auth.permission", "pk": 33, "fields": {"name": "Can add info", "content_type": 9, "codename": "add_info"}}, {"model": "auth.permission", "pk": 34, "fields": {"name": "Can change info", "content_type": 9, "codename": "change_info"}}, {"model": "auth.permission", "pk": 35, "fields": {"name": "Can delete info", "content_type": 9, "codename": "delete_info"}}, {"model": "auth.permission", "pk": 36, "fields": {"name": "Can view info", "content_type": 9, "codename": "view_info"}}, {"model": "auth.permission", "pk": 37, "fields": {"name": "Can add message", "content_type": 10, "codename": "add_message"}}, {"model": "auth.permission", "pk": 38, "fields": {"name": "Can change message", "content_type": 10, "codename": "change_message"}}, {"model": "auth.permission", "pk": 39, "fields": {"name": "Can delete message", "content_type": 10, "codename": "delete_message"}}, {"model": "auth.permission", "pk": 40, "fields": {"name": "Can view message", "content_type": 10, "codename": "view_message"}}, {"model": "auth.permission", "pk": 41, "fields": {"name": "Can add team", "content_type": 11, "codename": "add_team"}}, {"model": "auth.permission", "pk": 42, "fields": {"name": "Can change team", "content_type": 11, "codename": "change_team"}}, {"model": "auth.permission", "pk": 43, "fields": {"name": "Can delete team", "content_type": 11, "codename": "delete_team"}}, {"model": "auth.permission", "pk": 44, "fields": {"name": "Can view team", "content_type": 11, "codename": "view_team"}}, {"model": "auth.permission", "pk": 45, "fields": {"name": "Can add phone", "content_type": 12, "codename": "add_phone"}}, {"model": "auth.permission", "pk": 46, "fields": {"name": "Can change phone", "content_type": 12, "codename": "change_phone"}}, {"model": "auth.permission", "pk": 47, "fields": {"name": "Can delete phone", "content_type": 12, "codename": "delete_phone"}}, {"model": "auth.permission", "pk": 48, "fields": {"name": "Can view phone", "content_type": 12, "codename": "view_phone"}}, {"model": "auth.permission", "pk": 49, "fields": {"name": "Can add opening hours", "content_type": 13, "codename": "add_openinghours"}}, {"model": "auth.permission", "pk": 50, "fields": {"name": "Can change opening hours", "content_type": 13, "codename": "change_openinghours"}}, {"model": "auth.permission", "pk": 51, "fields": {"name": "Can delete opening hours", "content_type": 13, "codename": "delete_openinghours"}}, {"model": "auth.permission", "pk": 52, "fields": {"name": "Can view opening hours", "content_type": 13, "codename": "view_openinghours"}}, {"model": "auth.permission", "pk": 53, "fields": {"name": "Can add adress", "content_type": 14, "codename": "add_adress"}}, {"model": "auth.permission", "pk": 54, "fields": {"name": "Can change adress", "content_type": 14, "codename": "change_adress"}}, {"model": "auth.permission", "pk": 55, "fields": {"name": "Can delete adress", "content_type": 14, "codename": "delete_adress"}}, {"model": "auth.permission", "pk": 56, "fields": {"name": "Can view adress", "content_type": 14, "codename": "view_adress"}}, {"model": "auth.permission", "pk": 57, "fields": {"name": "Can add cafe info", "content_type": 15, "codename": "add_cafeinfo"}}, {"model": "auth.permission", "pk": 58, "fields": {"name": "Can change cafe info", "content_type": 15, "codename": "change_cafeinfo"}}, {"model": "auth.permission", "pk": 59, "fields": {"name": "Can delete cafe info", "content_type": 15, "codename": "delete_cafeinfo"}}, {"model": "auth.permission", "pk": 60, "fields": {"name": "Can view cafe info", "content_type": 15, "codename": "view_cafeinfo"}}, {"model": "auth.group", "pk": 1, "fields": {"name": "manager", "permissions": []}}, {"model": "auth.user", "pk": 1, "fields": {"password": "pbkdf2_sha256$260000$wWwo5pUDCWcLFVGMriOZla$uHXU8wTfbsmtGQSER7d/NYPsdt5M4Q/cjqrQfipdCjc=", "last_login": "2021-04-27T18:18:59.507Z", "is_superuser": true, "username": "admin", "first_name": "", "last_name": "", "email": "admin@gmail.com", "is_staff": true, "is_active": true, "date_joined": "2021-04-06T17:07:58.761Z", "groups": [], "user_permissions": []}}, {"model": "auth.user", "pk": 2, "fields": {"password": "pbkdf2_sha256$260000$jGD4anxyH0AyFrgDyExSmT$Y0M7us4q5Dbbsc1yx8c/GPjQeq5K4IGKaIWM0QEW49w=", "last_login": "2021-04-25T09:49:18.049Z", "is_superuser": false, "username": "Martin", "first_name": "", "last_name": "", "email": "", "is_staff": false, "is_active": true, "date_joined": "2021-04-21T09:28:05Z", "groups": [1], "user_permissions": []}}, {"model": "sessions.session", "pk": "2wbg9vyw3ies6zzefp5t8zgy6v9jf6et", "fields": {"session_data": ".eJxVjDsOwyAQBe9CHaHlb1Km9xnQAuvgJALJ2FWUu0dILpL2zcx7s4DHXsLRaQtrZlcm2OV3i5ieVAfID6z3xlOr-7ZGPhR-0s7nlul1O92_g4K9jFoLb10EBc6BnETyXhsCQcJKxLQggcoWFUJCaaxJXitjCBc3oRZSss8Xv7Y3Jw:1lbSIV:DFtDuBl1fv44lL1ic6fAozvwGJ7U8x5JnDd6-BTP37s", "expire_date": "2021-05-11T18:18:59.608Z"}}, {"model": "sessions.session", "pk": "csbilb5w9lfqsq2e9avt32w75ok1hior", "fields": {"session_data": ".eJxVjDsOwyAQBe9CHaHlb1Km9xnQAuvgJALJ2FWUu0dILpL2zcx7s4DHXsLRaQtrZlcm2OV3i5ieVAfID6z3xlOr-7ZGPhR-0s7nlul1O92_g4K9jFoLb10EBc6BnETyXhsCQcJKxLQggcoWFUJCaaxJXitjCBc3oRZSss8Xv7Y3Jw:1lTpFA:SZXANKZOt4iyhsyQ4keW077Fm1xU333nPbow0SuGP8w", "expire_date": "2021-04-20T17:12:00.577Z"}}, {"model": "main_gusto.category", "pk": 1, "fields": {"title": "Десерты", "photo": "media/images/categories/aa221899-517a-49f7-8e46-be747589052d.jpg", "category_order": 1, "is_visible": true}}, {"model": "main_gusto.category", "pk": 2, "fields": {"title": "Закуски", "photo": "media/images/categories/7d4ca7b6-b72f-4418-ab91-cc0e70b0a009.jpg", "category_order": 2, "is_visible": true}}, {"model": "main_gusto.category", "pk": 3, "fields": {"title": "Гарниры", "photo": "media/images/categories/8fb4cb00-1210-4525-988b-27f5de443a9d.jpg", "category_order": 3, "is_visible": true}}, {"model": "main_gusto.category", "pk": 4, "fields": {"title": "Основные блюда", "photo": "media/images/categories/8e4ae6f3-00cb-4eb1-b5d3-165e493f788c.jpg", "category_order": 4, "is_visible": true}}, {"model": "main_gusto.category", "pk": 5, "fields": {"title": "Меню от шефа", "photo": "media/images/categories/55e8f0fd-fc9b-4688-8d9f-595495e13aa5.jpg", "category_order": 5, "is_visible": false}}, {"model": "main_gusto.dish", "pk": 1, "fields": {"title": "Панакотта", "photo": "media/images/dishes/2d55230f-22d0-4cbb-bf7e-171dd57ed448.jpg", "dish_order": 1, "is_visible": true, "price": "35.00", "desc": "Молочная желатиновая масса по французкому рецепту", "category": 1}}, {"model": "main_gusto.dish", "pk": 2, "fields": {"title": "Фондан", "photo": "media/images/dishes/7caff38f-560b-4de4-93c0-2280d5ca6912.jpg", "dish_order": 2, "is_visible": true, "price": "45.00", "desc": "Шоколадный кекс с жидкой шоколадной начинкой, подается с мороженым", "category": 1}}, {"model": "main_gusto.dish", "pk": 3, "fields": {"title": "Блины с яблоком", "photo": "media/images/dishes/553c546c-8345-44cb-946e-a4f1e485b3b2.jpg", "dish_order": 3, "is_visible": true, "price": "20.00", "desc": "Вкуснейшие блины с яблоками", "category": 1}}, {"model": "main_gusto.dish", "pk": 4, "fields": {"title": "Сыр косичка", "photo": "media/images/dishes/d18bbbd6-0cef-45cb-ba5d-b8a57385830e.jpeg", "dish_order": 1, "is_visible": true, "price": "15.00", "desc": "Мягкий слегка копченый сыр косичка", "category": 2}}, {"model": "main_gusto.dish", "pk": 5, "fields": {"title": "Махан", "photo": "media/images/dishes/b797c23b-875c-4e1f-b4c4-f2de32c27e3b.jpg", "dish_order": 2, "is_visible": true, "price": "10.00", "desc": "Мясо тонко нарезанное, подходит к пиву", "category": 2}}, {"model": "main_gusto.dish", "pk": 6, "fields": {"title": "Сырные палочки", "photo": "media/images/dishes/66c77327-1a0a-4720-a895-84960742ce0f.jpg", "dish_order": 3, "is_visible": true, "price": "25.00", "desc": "Топленный сыр в сухаряк подается со сладким соусом из ягод", "category": 2}}, {"model": "main_gusto.dish", "pk": 7, "fields": {"title": "Капуста", "photo": "media/images/dishes/962bac75-58b6-4aff-b5ce-e5573f6ecec1.jpg", "dish_order": 1, "is_visible": true, "price": "13.00", "desc": "Вкусная капуста немного кислая", "category": 3}}, {"model": "main_gusto.dish", "pk": 8, "fields": {"title": "Картофельное пюре", "photo": "media/images/dishes/cff1e0d6-a616-499a-8a99-40f9ba80fe0a.jpg", "dish_order": 2, "is_visible": true, "price": "20.00", "desc": "Картофельное пюре с молодой картошки с молоком", "category": 3}}, {"model": "main_gusto.dish", "pk": 9, "fields": {"title": "Рис с овощами", "photo": "media/images/dishes/699dea1a-6353-4a89-9839-368af47aae77.jpg", "dish_order": 3, "is_visible": true, "price": "22.00", "desc": "Рис с отварными овощами с соусом", "category": 3}}, {"model": "main_gusto.dish", "pk": 10, "fields": {"title": "Курочка по домашнему", "photo": "media/images/dishes/2401f61c-5706-4b58-b7c9-a9210fa03c1d.jpg", "dish_order": 1, "is_visible": true, "price": "40.00", "desc": "Курица запеченная в печи подается с помидорами черри", "category": 4}}, {"model": "main_gusto.dish", "pk": 11, "fields": {"title": "Утка по пекински", "photo": "media/images/dishes/f39fae1e-141b-4e0b-977b-87cb40c8c562.jpg", "dish_order": 2, "is_visible": true, "price": "35.00", "desc": "Утка по специальному рецепту с вкусным соусом", "category": 4}}, {"model": "main_gusto.dish", "pk": 12, "fields": {"title": "Салат из лосося", "photo": "media/images/dishes/7e7bdd26-2885-4c0d-a8ec-d2ee81d77964.jpg", "dish_order": 3, "is_visible": true, "price": "32.00", "desc": "Салат из свежего лосося и свежих листьев салата", "category": 4}}, {"model": "main_gusto.dish", "pk": 13, "fields": {"title": "Рататуй", "photo": "media/images/dishes/411f80b3-aa0a-4e33-9974-0e4e05e9a4db.jpg", "dish_order": 1, "is_visible": true, "price": "50.00", "desc": "Рататуй вкусный из свежих овощей с приправами", "category": 5}}, {"model": "main_gusto.dish", "pk": 14, "fields": {"title": "Рыба фугу", "photo": "media/images/dishes/5e0eb1af-0a65-423e-9b1b-18affebb6e69.jpg", "dish_order": 2, "is_visible": true, "price": "70.00", "desc": "Опасная рыба, но вкусная, лично от шеф повара", "category": 5}}, {"model": "main_gusto.dish", "pk": 15, "fields": {"title": "Лобстер", "photo": "media/images/dishes/c56e4432-fc6a-4f3e-866b-1b5cc800fa4e.jpg", "dish_order": 3, "is_visible": true, "price": "110.00", "desc": "Свежий лобстер, необычное блюдо, но стоит его попробовать", "category": 5}}, {"model": "main_gusto.info", "pk": 1, "fields": {"cafe_info": "Одно из лучших заведений в Украине - ресторан \"Gusto\". Здесь царит прекрасная атмосфера, идеально подходящая для веселых встреч с друзьями, теплых семейных обедов и ужинов, а также для романтического свидания со своей второй половинкой.", "photo": "images/info/92b397ff-2b2b-45cb-9f18-c1a129220c09.jpg", "is_visible": true}}, {"model": "main_gusto.team", "pk": 1, "fields": {"team_info": "Британский титулованный шеф, медийная звезда, автор книг и ресторатор. Известен своей вспыльчивостью и прямолинейностью, перфекционизмом и специфическим чувством юмора. У него в кармане 16 мишленовских звезд. Наш шеф снимался в разных кулинарных шоу, самые популярные из которых – «Адская кухня», «Кошмары на кухне», «Слово на букву Ф» и «Мастер Шеф». Он очень активен в социальных сетях и поливает жесткой критикой кулинарные потуги аматоров, которые заваливают его просьбами оценить их старания.", "photo": "images/team/dc314b47-bf16-4651-92b8-699219c1940a.jpg", "is_visible": true}}, {"model": "main_gusto.phone", "pk": 1, "fields": {"phone": "+380123456789", "is_visible": true}}, {"model": "main_gusto.phone", "pk": 2, "fields": {"phone": "+380987654321", "is_visible": true}}, {"model": "main_gusto.adress", "pk": 1, "fields": {"city": "Киев", "street": "Хрещатик", "home": "13", "is_visible": true}}, {"model": "main_gusto.adress", "pk": 2, "fields": {"city": "Киев", "street": "Чорновола", "home": "23", "is_visible": true}}, {"model": "main_gusto.openinghours", "pk": 1, "fields": {"day": "Пн-Вс", "hours_start": "8.00", "hours_end": "22.00"}}, {"model": "main_gusto.openinghours", "pk": 2, "fields": {"day": "Пн-Сб", "hours_start": "10.00", "hours_end": "22.00"}}, {"model": "main_gusto.cafeinfo", "pk": 1, "fields": {"adress_id": 1, "phone_id": 1, "openinghours_id": 1}}, {"model": "main_gusto.cafeinfo", "pk": 2, "fields": {"adress_id": 2, "phone_id": 2, "openinghours_id": 2}}, {"model": "main_gusto.message", "pk": 7, "fields": {"user_name": "Мартин", "user_email": "mrmartin200113@gmail.com", "user_message": "Я люблю Настю Я люблю Настю Я люблю Настю Я люблю Настю Я люблю Настю Я люблю Настю Я люблю Настю Я люблю Настю Я люблю Настю Я люблю Настю Я люблю Настю Я люблю Настю Я люблю Настю Я люблю Настю Я люблю Настю Я люблю Настю Я люблю Настю Я люблю Настю Я люблю Настю Я люблю Настю Я люблю Настю Я люблю Настю Я люблю Настю м", "pub_date": "2021-04-15", "is_processed": true}}, {"model": "main_gusto.message", "pk": 8, "fields": {"user_name": "Мартин", "user_email": "mrmartin200113@gmail.com", "user_message": "Привет Привет Привет Привет Привет Привет Привет Привет Привет Привет Привет Привет Привет Привет Привет Привет Привет Привет Привет Привет Привет Привет Привет Привет Привет Привет Привет Привет Привет Привет Привет Привет Привет Привет Привет Привет Привет м", "pub_date": "2021-04-15", "is_processed": false}}, {"model": "main_gusto.message", "pk": 9, "fields": {"user_name": "Мартин", "user_email": "mrmartin200113@gmail.com", "user_message": "11111111111111111111 11111111111111111111 11111111111111111111 11111111111111111111 11111111111111111111 11111111111111111111 11111111111111111111 11111111111111111111 11111111111111111111 11111111111111111111 11111111111111111111 11111111111111111111 11111111111111111111 11111111111111111111 11111111111111111111 11111111111111111111111111111111111 11111111111111111111 11111111111111111111 1111111", "pub_date": "2021-04-18", "is_processed": false}}, {"model": "main_gusto.message", "pk": 10, "fields": {"user_name": "Мартин", "user_email": "mrmartin200113@gmail.com", "user_message": "999999 999999 999999 999999 999999 999999 999999 999999 999999 999999 999999 999999 999999 999999 999999 999999 999999 999999 999999 999999 999999 999999 999999 999999 999999 999999 999999 999999 999999 999999 999999 999999 999999 999999 999999 999999 999999 999999 999999 999999 999999 999999 999999 999999", "pub_date": "2021-04-18", "is_processed": false}}, {"model": "main_gusto.message", "pk": 11, "fields": {"user_name": "Мартин", "user_email": "mrmartin200113@gmail.com", "user_message": "ddasdasasddasaads", "pub_date": "2021-04-18", "is_processed": false}}, {"model": "main_gusto.message", "pk": 12, "fields": {"user_name": "Мартин", "user_email": "mrmartin200113@gmail.com", "user_message": "dassaddsaasddsaads", "pub_date": "2021-04-18", "is_processed": false}}, {"model": "main_gusto.message", "pk": 13, "fields": {"user_name": "Мартин", "user_email": "mrmartin200113@gmail.com", "user_message": "dsasdsafasfsdvgdsg", "pub_date": "2021-04-18", "is_processed": false}}, {"model": "main_gusto.message", "pk": 14, "fields": {"user_name": "Мартин", "user_email": "mrmartin200113@gmail.com", "user_message": "dsddasfsafasfasfsa", "pub_date": "2021-04-18", "is_processed": false}}, {"model": "main_gusto.message", "pk": 15, "fields": {"user_name": "Мартин", "user_email": "mrmartin200113@gmail.com", "user_message": "bnhjghmhgmhgmhgmhgm", "pub_date": "2021-04-18", "is_processed": false}}, {"model": "main_gusto.message", "pk": 16, "fields": {"user_name": "Мартин", "user_email": "mrmartin200113@gmail.com", "user_message": "fdsfdssssdfsdsdffd", "pub_date": "2021-04-18", "is_processed": false}}, {"model": "main_gusto.message", "pk": 17, "fields": {"user_name": "Мартин", "user_email": "mrmartin200113@gmail.com", "user_message": "sfdfdssdfvsvdvsdvdsvdsv", "pub_date": "2021-04-18", "is_processed": false}}, {"model": "main_gusto.message", "pk": 18, "fields": {"user_name": "Мартин", "user_email": "mrmartin200113@gmail.com", "user_message": "sdffdsfvsdsdvdvsvd", "pub_date": "2021-04-18", "is_processed": false}}, {"model": "main_gusto.message", "pk": 19, "fields": {"user_name": "Мартин", "user_email": "mrmartin200113@gmail.com", "user_message": "dsffdsvdvdsvsvdsvdsvdsv", "pub_date": "2021-04-18", "is_processed": false}}]